Descri√ß√£o,Lemas,Substantivos,Verbos,Entidades
100 reais? Vai se fuder mendigo t√° precisando de uma cesta b√°sica? Tem bets no nome e nem pra dar no m√≠nimo 500,"100, real, fuder, mendigo, t√°, precisar, cesta, b√°sico, bets, nome, pra, pequeno, 500","reais, mendigo, cesta, bets, nome, m√≠nimo","fuder, precisando, Tem, dar",
Diz ai o f√£ de influencer das Bets.,"ai, f√£, influencer, Bets",f√£,"Diz, influencer",Bets (LOC)
As Bets t√£o pagando 3x1.,"Bets, pagar, 3x1",,pagando,Bets (LOC)
"S√≥ por curiosidade, quanto rola $$ por dia de an√∫ncio de bets no canal????","curiosidade, rolar, $, $, dia, an√∫ncio, bets, canal","curiosidade, dia, an√∫ncio, bets, canal",rola,
"bets n√£o salvam vidas , pelo contr√°rio, as destroem de forma fria e cruel quem compactua com isso , ser√° c√∫mplice a ter a cumplicidade de suas a√ß√µes , as redirecionam a esse destino nada legal quem pensa desse jeito , tem DESVIO DE CAR√ÅTER.","bet, salr, vida, contr√°rio, destroem, fria, cruel, compactuar, ser, c√∫mplice, cumplicidade, a√ß√£o, redirecionar, destino, legal, pensar, jeito, DESVIO, CAR√ÅTER","bets, vidas, contr√°rio, forma, c√∫mplice, cumplicidade, a√ß√µes, destino, jeito, DESVIO, CAR√ÅTER","salvam, cruel, compactua, ter, redirecionam, pensa, tem","bets (LOC), DESVIO DE CAR√ÅTER (MISC)"
Ele √© fan da menina das bets,"fan, menina, bet","fan, menina, bets",,
"Tu t√° mais perdido de que uma barata tonta, outro dia tira foto com uma influente das Bets, ouvidas no senado, noutro fala em soberania do pix, tu agora √© um grande bravateiro, inconsequente, que s√≥ fala , eguajem, pensa um pouco antes de abrir a boca para n√£o sair merda.","t√°, perdido, barata, tonto, outro, dia, tirar, foto, influente, Bets, ouvir, senado, em outro, falar, soberania, pix, bravateiro, inconsequente, falar, eguajem, pensar, abrir, boca, sair, merda","dia, foto, influente, senado, soberania, pix, bravateiro, eguajem, boca, merda","tira, ouvidas, fala, fala, pensa, abrir, sair",Bets (LOC)
"o site onde faz uma varejismo para identificar bets autorizadas pelo Minist√©rio da Fazenda de quota√ß√£o de √¢mbito nacional, eu pergunto ao Michi : A ONDE ESTAR A FISCALIZA√á√ÉO DESSA BET , HEIN MICHI? t√∫ n√£o faz conte√∫do bom quer induzir apostar em cassino?","site, varejismo, identificar, bet, autorizar, Minist√©rio, Fazenda, quota√ß√£o, √¢mbito, nacional, perguntar, Michi, FISCALIZA√á√ÉO, BET, HEIN, MICHI, t√∫, conte√∫do, induzir, apostar, cassino","site, varejismo, bets, quota√ß√£o, √¢mbito, t√∫, conte√∫do, cassino","faz, identificar, autorizadas, pergunto, faz, induzir, apostar","Minist√©rio da Fazenda (LOC), Michi (ORG), ONDE ESTAR (ORG), HEIN MICHI (MISC)"
"Me diga, quem iria fazer a CPI? Os mesmos que hoje e ontem defende o judici√°rio? So iria dar um ar de legalidade. Olha a CPMI das Bets o que deu? Nada","digar, ir, CPI, mesmo, hoje, defender, judici√°rio, so, ir, ar, legalidade, Olha, CPMI, Bets, dar","CPI, mesmos, judici√°rio, ar, legalidade","diga, fazer, defende, So, dar, Olha, deu",Bets (LOC)
"Quando eu for Presidente vou proibir o LinkedIn, MESACASTS, suruba com + de 25 pessoas (at√© 25 n√£o ter√° problema algum), Influencers e criadores de conte√∫do, o movimento verde e amarelo, programas policiais, BETs, JOGO DO TIGRINHO e o Cuscuz Paulista.","presidente, ir, proibir, LinkedIn, MESACASTS, suruba, +, 25, pessoa, 25, ter, problema, algum, Influencers, criador, conte√∫do, movimento, verde, amarelo, programa, policial, BETs, JOGO, TIGRINHO, Cuscuz, Paulista","Presidente, +, pessoas, problema, algum, criadores, conte√∫do, movimento, programas, JOGO","for, proibir, ter√°","LinkedIn (ORG), MESACASTS (ORG), Influencers (MISC), BETs (ORG), JOGO DO TIGRINHO (MISC), Cuscuz Paulista (ORG)"
"Concordo com a fala da Ana Paula e digo que sua atua√ß√£o sobre as Bets tb foi vergonhosa, fazendo self com a mo√ßa!!! Vc n√£o passa de um lacrador!!","Concordo, fala, Ana, Paula, dizer, atua√ß√£o, Bets, tb, vergonhoso, fazer, self, mo√ßa, Vc, passar, lacrador","fala, atua√ß√£o, mo√ßa, lacrador","digo, fazendo, self, passa","Concordo (ORG), Ana Paula (PER), Bets (LOC), Vc (PER)"
"O senhor apoiou as Bets, Senador!","senhor, apoiar, Bets, Senador",senhor,apoiou,"Bets (LOC), Senador (LOC)"
Vc nao pode generalizar isso Vc conhece todos os usu√°rios do bolsa fam√≠lia? Pode afirmar que todos gastam o benef√≠cio com bets? Generalizar √© ser burro e no momento eu te absurdamente burro,"Vc, nao, generalizar, Vc, conhecer, usu√°rio, Bolsa, fam√≠liar, afirmar, gastar, benef√≠cio, bets, Generalizar, burro, absurdamente, burro","usu√°rios, fam√≠lia, benef√≠cio, bets, momento, burro","pode, generalizar, conhece, Pode, afirmar, gastam","Vc (PER), Generalizar (LOC)"
"O Brasil taxar bilion√°rio √© JUSTI√áA! O bilion√°rio taxar o Brasil pelo Bolsonaro √© TRAI√á√ÉO! Taxa√ß√£o BBB: Bilion√°rios, Bancos e Bets. AGORA √â A VEZ DO POVO!","Brasil, taxar, bilion√°rio, JUSTI√áA, bilion√°rio, taxar, Brasil, Bolsonaro, TRAI√á√ÉO, Taxa√ß√£o, BBB, Bilion√°rios, Bancos, Bets","bilion√°rio, bilion√°rio, POVO","taxar, taxar","Brasil (LOC), JUSTI√áA (ORG), Brasil (LOC), Bolsonaro (LOC), TRAI√á√ÉO! (MISC), Bancos (LOC), Bets (LOC)"
Fazendo propaganda de Bets sem tornozeleira,"Fazendo, propaganda, Bets, tornozeleira","propaganda, tornozeleira",Fazendo,Bets (LOC)
"Espero que ngm me pese nesse festival, quero s√≥ curtir cas bets","esperar, ngm, pesar, festival, curtir, ca, bet","festival, cas, bets","Espero, pese, quero, curtir",
"Concordo 100%‚úì Esse a√≠ surgiu como uma promessa de grande senador e virou um arremedo de Tiririca. A foto com a ""influencer"" na CPI das bets nunca mais ser√° esquecida. Parab√©ns, capiau!","Concordo, 100, ‚úì, surgir, promessa, senador, virar, arremedo, Tiririca, foto, influencer, CPI, bet, ser, esquecer, parab√©ns, capiau","Concordo, promessa, senador, arremedo, foto, CPI, bets, Parab√©ns","‚úì, surgiu, virou, influencer, esquecida, capiau","Concordo (LOC), Tiririca (LOC), Parab√©ns (LOC)"
"Tu ser√°s preso bandido, corrupto, golpista, quadrilheiro das Bets!","ser√°s, prender, bander, corrupto, golpista, quadrilheiro, Bets","Tu, golpista, quadrilheiro","preso, bandido",Bets (LOC)
UFC 318 bets,"UFC, 318, bet",bets,,UFC (LOC)
"isso, mandamos sempre 8h ou 20h, horarios diferentes s√≥ se tiver bets dependendo da escala√ß√£o","mandar, 8h, 20h, horario, diferentes, ter, bets, depender, escala√ß√£o","20h, horarios, bets, escala√ß√£o","tiver, dependendo",
"Como dizia me av√¥ : Boa alma por√©m in√∫til . J√° na CPI das BETS , foi o maior vexame , fazer v√≠deo para sua mulher com uma depoente","dizer, av√¥, alma, in√∫til, CPI, BETS, vexame, v√≠deo, mulher, depoente","av√¥, alma, vexame, v√≠deo, mulher, depoente","dizia, fazer",BETS (ORG)
"üí• Taxa√ß√£o BBB: Bilion√°rios, Bancos e Bets","üí•, Taxa√ß√£o, BBB, Bilion√°rios, Bancos, Bets",,,"üí• Taxa√ß√£o BBB: Bilion√°rios (MISC), Bancos (LOC), Bets (LOC)"
"Cleitinho, o Pachequim n√£o t√° na lista? - Gostei da self com a Rainha das Bets, Senador!","cleitinho, Pachequim, t√°, lista, Gostei, self, Rainha, Bets, Senador","lista, self",Gostei,"Cleitinho (PER), Pachequim (ORG), Gostei (LOC), Rainha das Bets (PER), Senador (LOC)"
Fora a self com a estafadora dos bets,"self, estafadora, bet","estafadora, bets",self,
"Vendo os coment√°rios aqui se nota o qu√£o leigo ou inocente a turma √©. Futebol depois das bets √© outros, qlqr fodido bota 30k no bolso f√°cil, esses exemplos de 2 sal√°rios m√≠nimo √© a minoria. Felipe Alves ganha 80k, Galhardo uns 150k, fora outros jogadores que ganham mais de 70k.","ver, coment√°rio, notar, qu√£o, leigo, inocente, turma, futebol, bet, qlqr, fodido, bota, 30k, bolso, f√°cil, exemplo, 2, sal√°rio, m√≠nimo, minoria, Felipe, Alves, ganhar, 80k, Galhardo, 150k, jogador, ganhar, 70k","coment√°rios, qu√£o, turma, Futebol, bets, bota, bolso, exemplos, sal√°rios, minoria, jogadores, 70k","Vendo, nota, fodido, ganha, 150k, ganham","Felipe Alves (PER), Galhardo (MISC)"
"Pelo amor de Deus. Sendo assim ele passou fome no Barcelona, Bets e agora no Palmeiras. Ent√£o os 3 times estavam sem t√©cnico, a tese dele de ser uma das maiores decep√ß√£o da d√©cada nn entra em pauta. Aceite! J√° j√° t√° num Goi√°s da vida","amor, Deus, ser, passar, fome, Barcelona, Bets, Palmeiras, 3, time, estar, t√©cnico, tese, de ele, grande, decep√ß√£o, d√©cada, em n, entrar, pauta, aceite, t√°, Goi√°s, vida","amor, fome, times, t√©cnico, tese, decep√ß√£o, d√©cada, pauta, vida","Sendo, passou, entra","Deus (PER), Barcelona (LOC), Bets (LOC), Palmeiras (ORG), Goi√°s (LOC)"
Na √©poca que esse cara vendia bets pra ganhar dinheiro ningu√©m falava nada,"√©poca, cara, vender, bets, pra, ganhar, dinheiro, ningu√©m, falar","√©poca, cara, bets, dinheiro","vendia, ganhar, falava",
"√â muito conflito de interesses, desvios ou m√° aplica√ß√£o de recursos p√∫blicos. E h√° que se destacar que parlamentares do Centr√£o, como Cir√£o das Bets, sempre coloca o Poder Executivo da situa√ß√£o como ref√©m, para obter ainda mais emendas, que como sabemos, n√£o beneficiam o povo.","conflito, interesse, desvio, m√°, aplica√ß√£o, recurso, p√∫blico, haver, destacar, parlamentar, Centr√£o, Cir√£o, Bets, colocar, executivo, situa√ß√£o, ref√©m, obter, emenda, saber, benefic","conflito, interesses, desvios, aplica√ß√£o, recursos, parlamentares, situa√ß√£o, ref√©m, povo","h√°, destacar, coloca, obter, sabemos, beneficiam","Centr√£o (LOC), Cir√£o das Bets (LOC), Poder Executivo (MISC)"
Perdeu a moral na CPI das bets. Uma das cenas mais constrangedoras que j√° vi em uma CPI !!!,"Perder, moral, CPI, bet, cena, constrangedoro, ver, CPI","moral, bets, cenas, CPI","Perdeu, vi",
ACHO QUE AS BETs v√£o colocar na rela√ß√£o das apostas esportivas: QUANTO TEMPO AT√â LARGAREM A M√ÉO DOS TOGADOS?? SOMOS TODOS BOLSONARO!!!,"ACHO, BETs, colocar, aposta, esportivo, LARGAREM, M√ÉO, TOGADOS, BOLSONARO","BETs, rela√ß√£o, apostas, TEMPO, TOGADOS","ACHO, colocar, LARGAREM","AS (MISC), BETs (ORG), M√ÉO DOS TOGADOS (MISC), SOMOS (ORG), TODOS (MISC)"
o app arrancando mais dinheiro dos pobres que as bets da virgulina üó£üó£üó£üó£üó£ luly inicie esse projeto imediatamente,"app, arrancar, dinheiro, pobre, bet, virgulina, üó£, üó£, üó£, üó£, üó£, Luly, iniciar, projeto, imediatamente","app, dinheiro, pobres, bets, projeto","arrancando, inicie",bets da virgulina (LOC)
"Que tal menos tiktok e mais a√ßao, ja nao chega o papel√£o das bets","tiktok, a√ßao, ja, nao, chegar, papel√£o, bet","papel√£o, bets",chega,
"Deixa eu ver se entendi‚Ä¶ Na tribuna voc√™ despeja um monte MERDA contra o presidente americano, servindo de papagaio de pirata pra esquerda. Na comiss√£o das BETs se portou como tiete de influenciadora. E agora isso? Voc√™ nem tem ideia do que est√° fazendo. Fraco","Deixa, entender, tribuna, despejar, monte, MERDA, presidente, americano, servir, papagaio, pirata, pra, esquerda, comiss√£o, BETs, portar, tiete, influenciadora, ideia, fazer, Fraco","tribuna, monte, presidente, papagaio, pirata, esquerda, comiss√£o, tiete, influenciadora, ideia","ver, despeja, servindo, portou, tem, fazendo","MERDA (ORG), BETs (ORG), Fraco (PER)"
Depois da CPI das bets com a Virg√≠nia esse sujeito perdeu minha confian√ßa!,"CPI, bet, Virg√≠nia, sujeito, perder, confian√ßa","bets, sujeito, confian√ßa",perdeu,Virg√≠nia (LOC)
"Kassio √© aquele do cruzeiro das bets, O Andr√© √© o terrivelmente evang√©lico e √∫ltimo √© aquele celebrado na frase ‚Äúin Fux we trust‚Äù, proferida por S√©rgio a Deltan, n√©?","Kassio, cruzeiro, bet, Andr√©, terrivelmente, evang√©lico, celebrar, frase, in, Fux, we, trust, proferir, S√©rgio, Deltan, n√©","cruzeiro, bets, terrivelmente, frase, trust","celebrado, proferida","Kassio (PER), cruzeiro das bets (LOC), O Andr√© (LOC), ‚Äúin Fux we trust (MISC), S√©rgio a Deltan (PER)"
lembrando tamb√©m da conduta vexat√≥ria na CPI das Bets‚Ä¶ tietando quem ganhou milh√µes a custa do sofrimento de in√∫meras fam√≠lias. Espero que o mandato dele se encerre o ano que vem para darmos o game over para esse tra√≠ra falso.,"lembrar, conduta, vexat√≥rio, CPI, Bets, tietar, ganhar, milh√£o, sofrimento, in√∫mero, fam√≠lia, esperar, mandato, de ele, encerrer, ano, dar, game, over, tra√≠ra, falso","conduta, custa, sofrimento, fam√≠lias, mandato, ano, game, tra√≠ra","lembrando, tietando, ganhou, Espero, encerre, vem, darmos, over",Bets (LOC)
"Depois que ouvi o ilustre senador falando que iria dar ‚Äúvoz de pris√£o‚Äù pra um certo ministro e nada fez al√©m de bravatas; depois que vi fazendo cena com influencer investigada das bets, entre outros v√≠deos de den√∫ncias que n√£o foram adiante, j√° n√£o espero nada dele.","ouvir, ilustre, senador, falar, ir, voz, pris√£o, pra, certo, ministro, bravata, ver, fazer, cena, influencer, investigar, bet, v√≠deo, den√∫ncia, adiante, esperar, de ele","senador, voz, pris√£o, ministro, bravatas, cena, bets, v√≠deos, den√∫ncias","ouvi, falando, dar, fez, vi, fazendo, influencer, investigada, espero",
"Finalizamos a EWC no VIP, +23,18% de crescimento de banca com 47 Bets e Roi de 33%. Forra M√°xima ‚úÖ‚úÖ‚úÖ","Finalizamos, EWC, VIP, +23,18, crescimento, banca, 47, Bets, Roi, 33, Forra, M√°xima, ‚úÖ, ‚úÖ, ‚úÖ","+23,18, crescimento, banca","Finalizamos, ‚úÖ, ‚úÖ","EWC (ORG), VIP (ORG), Bets (LOC), Roi (LOC), Forra M√°xima ‚úÖ‚úÖ‚úÖ (MISC)"
N√£o s√≥ na sabatina mas tb na CPI das Bets tirando selfie com a influencer cambalacheira....,"sabatina, tb, CPI, Bets, tirar, selfie, influencer, cambalacheira","sabatina, Bets, cambalacheira","tb, tirando, selfie, influencer",Bets (LOC)
"Ele √© amiguinho e admira a Virg√≠nia que promove BETS, isso n√£o √© postura de politico s√©rio de direita! Alem disso Z√© Felipe ex marido da Virg√≠nia cantou junto com MC Oruam!","amiguinho, admirar, Virg√≠nia, promover, BETS, postura, politico, s√©rio, Alem, Z√©, Felipe, ex, marido, Virg√≠nia, cantar, junto, MC, Oruam","amiguinho, postura, direita, marido","promove, cantou","Virg√≠nia (LOC), Z√© Felipe (PER), Virg√≠nia (LOC), MC Oruam! (MISC)"
"Decida-se Sr. Senador Cleitinho. Poste, tamb√©m, sua vergonhosa atua√ß√£o na sabatina da Sra. Virginia na CPI das Bets. Zero resist√™ncia. Chega de bla bla bla em rede social.","Decida-se, sr., Senador, Cleitinho, Poste, vergonhoso, atua√ß√£o, sabatina, Sra., Virginia, CPI, Bets, resist√™ncia, chegar, bla, bla, bla, rede, social","Sr., atua√ß√£o, sabatina, resist√™ncia, bla, rede","Decida-se, Chega","Poste (LOC), Sra. Virginia (LOC), Bets (LOC), Zero (PER)"
"CHEGA DO TRABALHADOR PAGAR A CONTA ‚ùå O Brasil taxar bilion√°rio √© JUSTI√áA! O bilion√°rio taxar o Brasil pelo Bolsonaro √© TRAI√á√ÉO! üí• Taxa√ß√£o BBB: Bilion√°rios, Bancos e Bets. AGORA √â A VEZ DO POVO!","CHEGA, TRABALHADOR, PAGAR, CONTA, ‚ùå, Brasil, taxar, bilion√°rio, JUSTI√áA, bilion√°rio, taxar, Brasil, Bolsonaro, TRAI√á√ÉO, üí•, Taxa√ß√£o, BBB, Bilion√°rios, Bancos, Bets","CHEGA, bilion√°rio, bilion√°rio, POVO","taxar, taxar","CONTA (MISC), O Brasil (MISC), JUSTI√áA (ORG), Brasil (LOC), Bolsonaro (LOC), TRAI√á√ÉO! (MISC), Bancos (LOC), Bets (LOC)"
"E tirando foto na CPI das Bets com a Virg√≠nia, dizendo que a esposa √© f√£. Da√≠ em diante, ele foi s√≥ ladeira abaixo.","tirar, foto, CPI, Bets, Virg√≠nia, dizer, esposo, f√£, de a√≠, ladeirar, abaixo","foto, esposa, f√£","tirando, dizendo, ladeira","Bets (LOC), Virg√≠nia (LOC)"
Sem falar na CPI das Bets ü§£ü§£ü§£,"falar, CPI, Bets, ü§£, ü§£, ü§£",,falar,Bets (LOC)
"Tomara que n√£o esque√ßa mesmo. Lembra da Virginia, na CPI dos bets?","Tomara, esquecer, Lembra, Virginia, CPI, bets",bets,esque√ßa,"Tomara (LOC), Lembra da Virginia (MISC)"
"E na CPI das Bets com a Virg√≠nia, vc viu a vergonha?","CPI, Bets, Virg√≠nia, vc, ver, vergonha",vergonha,viu,"Bets (LOC), Virg√≠nia (LOC), vc (PER)"
Esse a√≠ √© um Zero a esquerda. Voto perdido. Na CPI das Bets estava tirando selfie com a Virg√≠nia. Vacil√£o demais,"esquerda, voto, perder, CPI, Bets, tirar, selfie, Virg√≠nia, Vacil√£o","esquerda, Voto, Vacil√£o","perdido, tirando, selfie","Zero (PER), Bets (LOC), Virg√≠nia (LOC)"
Parei de acompanhar ele desde a cpi das bets,"Parei, acompanhar, cpi, bet","cpi, bets",acompanhar,
"Olha que coincid√™ncia, dois dos que mais salivam por Bets no Brasil, um dando RT no outro. Imagina que lindo se o Danilo Gentili fosse presidente como o Nando Moura sempre sonhou, ele enchendo o pa√≠s de Bets e arruinando a vida o brasileiro em d√≠vidas üòç MEEEEEU HUMORISTA ü´±ü´≤","Olha, coincid√™nciar, salir, Bets, Brasil, dando, RT, outro, Imagina, lir, Danilo, Gentili, ser, presidente, Nando, Moura, sonhar, encher, pa√≠s, Bets, arruinar, vida, brasileiro, d√≠vida, üòç, MEEEEEU, HUMORISTA, ü´±ü´≤","coincid√™ncia, presidente, pa√≠s, vida, brasileiro, d√≠vidas, MEEEEEU","salivam, dando, Imagina, lindo, sonhou, enchendo, arruinando, ü´±ü´≤","Olha (LOC), Bets (LOC), Brasil (LOC), RT (MISC), Imagina (LOC), Danilo Gentili (PER), Nando Moura (PER), Bets (LOC), MEEEEEU (MISC)"
DIGA N√ÉO AS BETS,"DIGA, BETS",,DIGA,DIGA N√ÉO (MISC)
Kkkkkkkkkkk Bruno Henrique farmando dinheiro nas bets e n√£o tomou 1 jogo de suspens√£o a√≠ os rid√≠culos da CBF pune o Dudu por um storys,"Kkkkkkkkkkk, Bruno, Henrique, farmar, dinheiro, bet, tomar, 1, jogo, suspens√£o, rid√≠culo, CBF, pune, Dudu, storys","dinheiro, bets, jogo, suspens√£o, rid√≠culos, storys","farmando, tomou, pune","Kkkkkkkkkkk Bruno Henrique (PER), bets (LOC), CBF (ORG), Dudu (ORG)"
"Isso √© o futuro, documentos oficiais patrocinados por bets","futuro, documento, oficial, patrocinado, bet","futuro, documentos, bets",patrocinados,bets (LOC)
Porque s√£o protestores dos donos das bets bilh√µnarios e defensores dos pol√≠ticos corruptos golpistas bosoloides de direita e centrao,"protestor, dono, bet, bilh√µnario, defensor, pol√≠tico, corrupto, golpista, bosoloide, centrao","protestores, donos, bets, defensores, pol√≠ticos, direita",,bets bilh√µnarios (LOC)
