Unnamed: 0,Descri√ß√£o,sentimento
0,100 reais? Vai se fuder mendigo t√° precisando de uma cesta b√°sica? Tem bets no nome e nem pra dar no m√≠nimo 500,neutro
1,"Proponho: 'Pelo tempo dos Nossos', para ganhar apoio, fica claro o motivo para taxar os mais ricos. Clique na imagem para ver üëá",neutro
2,"Seria uma jogada muito impopular, n√£o acho que o Ronaldo faria. Penso nele colocando na base, por exemplo",neutro
3,Diz ai o f√£ de influencer das Bets.,neutro
4,eu discordo. e por isso a expuls√£o desse imundo √© mais importante do que nunca. ajuda a demonstrar que √© um puta tiro no p√© pro ronaldo dar cargo pra ele la dentro.,neutro
5,"Absolutamente todo mundo torcendo ou n√£o pro Corinthians sabe que se o Ronaldo comprar a saf, o Andr√©s tem cargo (e importante) l√° dentro cara, nao tem o que fazer",neutro
6,As Bets t√£o pagando 3x1.,neutro
7,"S√≥ por curiosidade, quanto rola $$ por dia de an√∫ncio de bets no canal????",neutro
8,"bets n√£o salvam vidas , pelo contr√°rio, as destroem de forma fria e cruel quem compactua com isso , ser√° c√∫mplice a ter a cumplicidade de suas a√ß√µes , as redirecionam a esse destino nada legal quem pensa desse jeito , tem DESVIO DE CAR√ÅTER.",neutro
9,Ele √© fan da menina das bets,neutro
10,"Tu t√° mais perdido de que uma barata tonta, outro dia tira foto com uma influente das Bets, ouvidas no senado, noutro fala em soberania do pix, tu agora √© um grande bravateiro, inconsequente, que s√≥ fala , eguajem, pensa um pouco antes de abrir a boca para n√£o sair merda.",neutro
11,"o site onde faz uma varejismo para identificar bets autorizadas pelo Minist√©rio da Fazenda de quota√ß√£o de √¢mbito nacional, eu pergunto ao Michi : A ONDE ESTAR A FISCALIZA√á√ÉO DESSA BET , HEIN MICHI? t√∫ n√£o faz conte√∫do bom quer induzir apostar em cassino?",neutro
12,"Me diga, quem iria fazer a CPI? Os mesmos que hoje e ontem defende o judici√°rio? So iria dar um ar de legalidade. Olha a CPMI das Bets o que deu? Nada",neutro
13,"Quando eu for Presidente vou proibir o LinkedIn, MESACASTS, suruba com + de 25 pessoas (at√© 25 n√£o ter√° problema algum), Influencers e criadores de conte√∫do, o movimento verde e amarelo, programas policiais, BETs, JOGO DO TIGRINHO e o Cuscuz Paulista.",neutro
14,"Concordo com a fala da Ana Paula e digo que sua atua√ß√£o sobre as Bets tb foi vergonhosa, fazendo self com a mo√ßa!!! Vc n√£o passa de um lacrador!!",neutro
15,"O senhor apoiou as Bets, Senador!",neutro
16,Vc nao pode generalizar isso Vc conhece todos os usu√°rios do bolsa fam√≠lia? Pode afirmar que todos gastam o benef√≠cio com bets? Generalizar √© ser burro e no momento eu te absurdamente burro,neutro
17,Te segui paaa,neutro
18,"O Brasil taxar bilion√°rio √© JUSTI√áA! O bilion√°rio taxar o Brasil pelo Bolsonaro √© TRAI√á√ÉO! Taxa√ß√£o BBB: Bilion√°rios, Bancos e Bets. AGORA √â A VEZ DO POVO!",neutro
19,Fazendo propaganda de Bets sem tornozeleira,neutro
20,"Espero que ngm me pese nesse festival, quero s√≥ curtir cas bets",neutro
21,"Concordo 100%‚úì Esse a√≠ surgiu como uma promessa de grande senador e virou um arremedo de Tiririca. A foto com a ""influencer"" na CPI das bets nunca mais ser√° esquecida. Parab√©ns, capiau!",neutro
22,"Tu ser√°s preso bandido, corrupto, golpista, quadrilheiro das Bets!",neutro
23,UFC 318 bets,neutro
24,"isso, mandamos sempre 8h ou 20h, horarios diferentes s√≥ se tiver bets dependendo da escala√ß√£o",neutro
25,"Como dizia me av√¥ : Boa alma por√©m in√∫til . J√° na CPI das BETS , foi o maior vexame , fazer v√≠deo para sua mulher com uma depoente",neutro
26,"üí• Taxa√ß√£o BBB: Bilion√°rios, Bancos e Bets",neutro
27,"Cleitinho, o Pachequim n√£o t√° na lista? - Gostei da self com a Rainha das Bets, Senador!",neutro
28,Fora a self com a estafadora dos bets,neutro
29,"Vendo os coment√°rios aqui se nota o qu√£o leigo ou inocente a turma √©. Futebol depois das bets √© outros, qlqr fodido bota 30k no bolso f√°cil, esses exemplos de 2 sal√°rios m√≠nimo √© a minoria. Felipe Alves ganha 80k, Galhardo uns 150k, fora outros jogadores que ganham mais de 70k.",neutro
30,"Pelo amor de Deus. Sendo assim ele passou fome no Barcelona, Bets e agora no Palmeiras. Ent√£o os 3 times estavam sem t√©cnico, a tese dele de ser uma das maiores decep√ß√£o da d√©cada nn entra em pauta. Aceite! J√° j√° t√° num Goi√°s da vida",neutro
31,Na √©poca que esse cara vendia bets pra ganhar dinheiro ningu√©m falava nada,neutro
32,"√â muito conflito de interesses, desvios ou m√° aplica√ß√£o de recursos p√∫blicos. E h√° que se destacar que parlamentares do Centr√£o, como Cir√£o das Bets, sempre coloca o Poder Executivo da situa√ß√£o como ref√©m, para obter ainda mais emendas, que como sabemos, n√£o beneficiam o povo.",neutro
33,Perdeu a moral na CPI das bets. Uma das cenas mais constrangedoras que j√° vi em uma CPI !!!,neutro
34,ACHO QUE AS BETs v√£o colocar na rela√ß√£o das apostas esportivas: QUANTO TEMPO AT√â LARGAREM A M√ÉO DOS TOGADOS?? SOMOS TODOS BOLSONARO!!!,neutro
35,o app arrancando mais dinheiro dos pobres que as bets da virgulina üó£üó£üó£üó£üó£ luly inicie esse projeto imediatamente,neutro
36,"Que tal menos tiktok e mais a√ßao, ja nao chega o papel√£o das bets",neutro
37,"Deixa eu ver se entendi‚Ä¶ Na tribuna voc√™ despeja um monte MERDA contra o presidente americano, servindo de papagaio de pirata pra esquerda. Na comiss√£o das BETs se portou como tiete de influenciadora. E agora isso? Voc√™ nem tem ideia do que est√° fazendo. Fraco",neutro
38,Depois da CPI das bets com a Virg√≠nia esse sujeito perdeu minha confian√ßa!,neutro
39,"Kassio √© aquele do cruzeiro das bets, O Andr√© √© o terrivelmente evang√©lico e √∫ltimo √© aquele celebrado na frase ‚Äúin Fux we trust‚Äù, proferida por S√©rgio a Deltan, n√©?",neutro
40,lembrando tamb√©m da conduta vexat√≥ria na CPI das Bets‚Ä¶ tietando quem ganhou milh√µes a custa do sofrimento de in√∫meras fam√≠lias. Espero que o mandato dele se encerre o ano que vem para darmos o game over para esse tra√≠ra falso.,neutro
41,"Depois que ouvi o ilustre senador falando que iria dar ‚Äúvoz de pris√£o‚Äù pra um certo ministro e nada fez al√©m de bravatas; depois que vi fazendo cena com influencer investigada das bets, entre outros v√≠deos de den√∫ncias que n√£o foram adiante, j√° n√£o espero nada dele.",neutro
42,"Finalizamos a EWC no VIP, +23,18% de crescimento de banca com 47 Bets e Roi de 33%. Forra M√°xima ‚úÖ‚úÖ‚úÖ",neutro
43,N√£o s√≥ na sabatina mas tb na CPI das Bets tirando selfie com a influencer cambalacheira....,neutro
44,"Ele √© amiguinho e admira a Virg√≠nia que promove BETS, isso n√£o √© postura de politico s√©rio de direita! Alem disso Z√© Felipe ex marido da Virg√≠nia cantou junto com MC Oruam!",neutro
45,"Decida-se Sr. Senador Cleitinho. Poste, tamb√©m, sua vergonhosa atua√ß√£o na sabatina da Sra. Virginia na CPI das Bets. Zero resist√™ncia. Chega de bla bla bla em rede social.",neutro
46,"CHEGA DO TRABALHADOR PAGAR A CONTA ‚ùå O Brasil taxar bilion√°rio √© JUSTI√áA! O bilion√°rio taxar o Brasil pelo Bolsonaro √© TRAI√á√ÉO! üí• Taxa√ß√£o BBB: Bilion√°rios, Bancos e Bets. AGORA √â A VEZ DO POVO!",neutro
47,"E tirando foto na CPI das Bets com a Virg√≠nia, dizendo que a esposa √© f√£. Da√≠ em diante, ele foi s√≥ ladeira abaixo.",neutro
48,Sem falar na CPI das Bets ü§£ü§£ü§£,neutro
49,"Tomara que n√£o esque√ßa mesmo. Lembra da Virginia, na CPI dos bets?",neutro
50,"E na CPI das Bets com a Virg√≠nia, vc viu a vergonha?",neutro
51,Esse a√≠ √© um Zero a esquerda. Voto perdido. Na CPI das Bets estava tirando selfie com a Virg√≠nia. Vacil√£o demais,neutro
52,ü•ä UFC Lotto ü•ä,neutro
53,Parei de acompanhar ele desde a cpi das bets,neutro
54,"Olha que coincid√™ncia, dois dos que mais salivam por Bets no Brasil, um dando RT no outro. Imagina que lindo se o Danilo Gentili fosse presidente como o Nando Moura sempre sonhou, ele enchendo o pa√≠s de Bets e arruinando a vida o brasileiro em d√≠vidas üòç MEEEEEU HUMORISTA ü´±ü´≤",neutro
55,DIGA N√ÉO AS BETS,neutro
56,Kkkkkkkkkkk Bruno Henrique farmando dinheiro nas bets e n√£o tomou 1 jogo de suspens√£o a√≠ os rid√≠culos da CBF pune o Dudu por um storys,neutro
57,"Isso √© o futuro, documentos oficiais patrocinados por bets",neutro
58,Porque s√£o protestores dos donos das bets bilh√µnarios e defensores dos pol√≠ticos corruptos golpistas bosoloides de direita e centrao,neutro
